2018-08-07 23:22 ~ __n_c_n,
2018-08-07 23:24 ~ cozyboychi,
2018-08-07 23:25 ~ mohammadsam2341,
2018-08-07 23:33 ~ vishal_singh.528,
2018-08-07 23:35 ~ 6sens3,
2018-08-07 23:38 ~ lil.crystal15,
2018-08-07 23:39 ~ ray.rizzo,
2018-08-07 23:39 ~ cabinclique,
2018-08-08 21:02 ~ sohil_raja7,
2018-08-08 21:02 ~ stella_got_habits,
2018-08-08 21:04 ~ yungsayain,
2018-08-08 21:09 ~ mrmilan10,
2018-08-08 21:09 ~ official_illy,
2018-08-08 21:10 ~ juanssome,
2018-08-08 21:16 ~ 3rd.a.c,
2018-08-08 21:17 ~ freeurcloset,
2018-08-08 21:21 ~ dianacortes098,
2018-08-08 21:35 ~ 3900bc,
2018-08-09 03:01 ~ arizah133,
2018-08-09 03:01 ~ elliott_pomarico,
2018-08-09 03:03 ~ _lugin,
2018-08-09 03:03 ~ sweetstasya_,
2018-08-09 03:05 ~ zubcu.mh,
2018-08-09 03:06 ~ loyalty_ov_royalty,
2018-08-09 03:08 ~ lilly.winklr,
2018-08-09 03:09 ~ qp__wissal_rajab__qp,
2018-08-09 03:10 ~ curlyyhead_mymy,
2018-08-09 03:12 ~ savio_firminoo,
2018-08-09 03:13 ~ anitta.13,
2018-08-09 03:23 ~ helmudvalentin,
2018-08-09 03:25 ~ caidan_.cooper,
2018-08-09 03:26 ~ ilaria_laterza,
2018-08-09 03:27 ~ gomesjr_neymbappejr,
2018-08-09 03:28 ~ endergencerr17,
2018-08-09 03:30 ~ j.pup_jr,
2018-08-09 03:41 ~ __fratboysam,
2018-08-09 03:43 ~ xx_.simba._xx,
2018-08-09 03:44 ~ maddix_rayann,
2018-08-09 03:45 ~ thediffernt_colorblues,
2018-08-09 03:47 ~ ssshadowmoonnn,
2018-08-09 03:48 ~ lucasv1004,
2018-08-09 03:49 ~ an_ou_ar1352,
2018-08-09 04:03 ~ uhohitscornboi,
2018-08-09 04:06 ~ shawn_graham_pappi,
2018-08-09 04:06 ~ tdas_vlcek,
2018-08-09 05:46 ~ joseeortiz_32,
2018-08-09 05:48 ~ itsme.ayman,
2018-08-09 05:49 ~ alexking_official,
2018-08-09 06:05 ~ yana_uspenskayaa,
2018-08-09 06:06 ~ emyyyy____,
2018-08-09 06:07 ~ nvrpotless,
2018-08-09 06:08 ~ oktay.yt,
2018-08-09 06:08 ~ skm4jid,
2018-08-09 06:08 ~ olbrage,
2018-08-09 06:11 ~ mikecarrr_,
2018-08-09 12:05 ~ dennis.amg1,
2018-08-09 12:07 ~ 704nando,
2018-08-09 12:07 ~ denisyurikov,
2018-08-09 12:08 ~ ewan.93,
2018-08-09 12:12 ~ barbancourtpapii,
2018-08-09 12:14 ~ arun_stoney_ak_,
2018-08-09 12:16 ~ kianlinnellbenali,
2018-08-09 12:17 ~ alliciamaria,
2018-08-09 12:29 ~ joel9mcdonald,
2018-08-09 12:30 ~ schemaboysrevenge,
2018-08-09 12:31 ~ jasonprior_,
2018-08-09 12:35 ~ martamoscatellii,
2018-08-09 12:38 ~ vladyusha_zgs,
2018-08-09 12:39 ~ kid.icon,
2018-08-09 12:41 ~ adanmonterofernadez,
2018-08-09 12:42 ~ miglas_08_,
2018-08-09 12:45 ~ marekokt,
2018-08-09 12:59 ~ apurva_p.15,
2018-08-09 13:00 ~ stalindissima,
2018-08-09 13:03 ~ amaya.mzz,
2018-08-09 13:05 ~ sam_pezza17,
2018-08-09 13:09 ~ xcloutxgod,
2018-08-09 13:09 ~ dhar.mhy,
2018-08-09 13:19 ~ ebo509,
2018-08-09 13:19 ~ lebanisblack69,
2018-08-09 13:22 ~ ruizeliame331,
2018-08-09 13:24 ~ __dominic__10,
2018-08-09 13:25 ~ jbmckenzie08,
2018-08-09 13:27 ~ yaseen_mumtaz,
2018-08-09 13:27 ~ samanthaeatscake,
2018-08-09 13:40 ~ mj__mchunu15,
2018-08-09 13:45 ~ stefanserfimov,
2018-08-09 13:45 ~ jschaw1,
2018-08-09 13:46 ~ jeanpaul9380,
2018-08-09 13:47 ~ afriicamelero,
2018-08-09 13:48 ~ sirrymdspion,
2018-08-09 13:57 ~ ybn_blenda_,
2018-08-09 13:57 ~ sergioalvrdo,
2018-08-09 13:58 ~ macae.la,
2018-08-09 14:04 ~ pernillechri,
2018-08-09 14:06 ~ lilmizzrambo,
2018-08-09 14:17 ~ cone.malone_,
2018-08-09 14:19 ~ abdjenx,
2018-08-09 14:20 ~ atta_boi,
2018-08-09 14:22 ~ lametako,
2018-08-09 14:25 ~ hitveer_rai,
2018-08-09 14:25 ~ dave_starboy,
2018-08-09 14:39 ~ luka_ma9,
2018-08-09 14:40 ~ pauula11p,
2018-08-09 14:41 ~ sneakershype.ig,
2018-08-09 14:41 ~ thisislxonix,
2018-08-09 14:41 ~ simionov_andreea,
2018-08-09 14:43 ~ another1.3,
2018-08-09 14:55 ~ _ann_harangova,
2018-08-09 14:56 ~ ig__.dylan,
2018-08-09 14:56 ~ lcoopboss33,
2018-08-09 14:59 ~ https.chriss,
2018-08-09 15:01 ~ ba_rex,
2018-08-09 15:03 ~ puglife.comlelepons,
2018-08-09 15:04 ~ 1liquorgrin,
2018-08-09 15:19 ~ fynn_taylor99,
2018-08-09 15:20 ~ joshuasandras11,
2018-08-09 15:21 ~ 4bby.___,
2018-08-09 15:23 ~ oriooooon22,
2018-08-09 15:24 ~ jnrcashcoins,
2018-08-09 15:27 ~ anaa.contreras,
2018-08-09 15:46 ~ _joker_35,
2018-08-09 15:47 ~ humcoshit707,
2018-08-09 15:53 ~ _victor.pedersen_,
2018-08-09 15:56 ~ mialeemorales,
2018-08-09 16:05 ~ ho_burning,
2018-08-09 16:05 ~ ____daniella______,
2018-08-09 16:07 ~ elkartoneh,
2018-08-09 16:07 ~ 4pfdayy,
2018-08-09 16:08 ~ ig_simxn,
2018-08-09 16:09 ~ c.ynizm,
2018-08-09 16:10 ~ jkbv1t,
2018-08-09 16:10 ~ taylor_ew,
2018-08-09 16:12 ~ tomas.jerab,
2018-08-09 16:13 ~ lrw_lillow_978,
2018-08-09 16:24 ~ lukamaghradze,
2018-08-09 16:26 ~ young_fontana42,
2018-08-09 16:27 ~ _giovanniskt,
2018-08-09 16:28 ~ ___lxve.is.m0re.then.fukc.___,
2018-08-09 16:29 ~ roshan_patil_1375,
2018-08-09 16:29 ~ shunemusic,
2018-08-09 16:30 ~ itsmepatriciaandra,
2018-08-09 16:31 ~ baraa._.2018,
2018-08-09 16:45 ~ gpt_seoul,
2018-08-09 16:47 ~ spaycen,
2018-08-09 16:48 ~ w.krzemieniecka,
2018-08-09 16:48 ~ __paul99xx__,
2018-08-09 16:49 ~ l_barreto_27,
2018-08-09 16:49 ~ sofia.lombardo_,
2018-08-09 16:52 ~ i_am_saif_kashif,
2018-08-09 16:53 ~ richirg4,
2018-08-09 16:54 ~ neozulu11,
2018-08-09 16:55 ~ miguelacosta09,
2018-08-09 16:55 ~ will_tessi,
2018-08-09 17:06 ~ estelle_lohmander,
2018-08-09 17:07 ~ willyy.je,
2018-08-09 17:07 ~ johnny_boiitrill,
2018-08-09 17:09 ~ madseason33,
2018-08-09 17:10 ~ daddydevon702,
2018-08-09 17:11 ~ mpampis_sp,
2018-08-09 17:13 ~ nikolenkorostik,
2018-08-09 17:14 ~ kayyy_larae,
2018-08-09 17:14 ~ iza_w01,
2018-08-09 17:15 ~ sophia.joseph8,
2018-08-09 17:16 ~ _kenny__queen_,
2018-08-09 17:17 ~ yxung7gvbriel,
2018-08-09 17:26 ~ andreew_fly,
2018-08-09 17:27 ~ irfan_sardar_143,
2018-08-09 17:27 ~ mr_alvarado1111,
2018-08-09 17:28 ~ rafaeltorres5277,
2018-08-09 17:28 ~ gusthavo_0_0,
2018-08-09 17:29 ~ diegosadness,
2018-08-09 17:30 ~ __j.n__5,
2018-08-09 17:31 ~ damunna_,
2018-08-09 17:32 ~ braedonw367,
2018-08-09 17:32 ~ daniela_baganha_vlogs,
2018-08-09 17:33 ~ p.acosta209,
2018-08-10 00:46 ~ 952433491luis,
2018-08-10 00:46 ~ gutyc9,
2018-08-10 00:48 ~ el_puma420,
2018-08-10 00:49 ~ emilylauren.n,
2018-08-10 00:50 ~ livelaughlovexoxo77,
2018-08-10 00:51 ~ tanmanu03,
2018-08-10 00:52 ~ m_71b,
2018-08-10 00:52 ~ mt_dekh_follow_kar,
2018-08-10 00:56 ~ hunt_thornton,
2018-08-10 00:57 ~ aldotestino4,
2018-08-10 00:59 ~ byronstewart2556,
2018-08-10 01:00 ~ _sourpatchkidz_98,
2018-08-10 01:00 ~ radical.billie,
2018-08-10 01:01 ~ noah.lastdrager,
2018-08-10 01:12 ~ maiaaapapayaaa,
2018-08-10 01:13 ~ cristiandibiasio,
2018-08-10 01:14 ~ oss_baraka,
2018-08-10 01:14 ~ its.madii8,
2018-08-10 01:15 ~ carlags7380,
2018-08-10 01:15 ~ josephv1227,
2018-08-10 01:16 ~ gameappstudio,
2018-08-10 01:16 ~ danilo_cassis,
2018-08-10 01:17 ~ u_pass_by,
2018-08-10 01:18 ~ syd.knee___,
2018-08-10 01:19 ~ hamzaadwan,
2018-08-10 01:20 ~ _hoeza_,
2018-08-10 01:32 ~ asha001o,
2018-08-10 01:35 ~ dieego.romero,
2018-08-10 01:36 ~ destiny_thelimelight,
2018-08-10 01:36 ~ akikyriaki,
2018-08-10 01:37 ~ v_a_p_o_r_w_a_v_e_m_a_s_o_n,
2018-08-10 01:38 ~ naseeratishaam,
2018-08-10 01:39 ~ angelicgalal,
2018-08-10 01:40 ~ dikytristantiil,
2018-08-10 01:41 ~ golden_saver,
2018-08-10 01:41 ~ ben_jillie_,
2018-08-10 01:42 ~ zshort1021,
2018-08-10 01:42 ~ spence._.brown,
2018-08-10 01:44 ~ andrew.bagaric,
2018-08-10 01:44 ~ eboysdocry,
2018-08-10 01:55 ~ preetyboityler,
2018-08-10 01:56 ~ spaman.x,
2018-08-10 01:57 ~ roy_swart,
2018-08-10 01:58 ~ vanessa.alatorre1,
2018-08-10 01:59 ~ demiparisi2,
2018-08-10 01:59 ~ mjsjn91,
2018-08-10 02:00 ~ i.am.unkel_steez,
2018-08-10 02:01 ~ david.dresner42,
2018-08-10 02:02 ~ lil.monkey.annette,
2018-08-10 02:03 ~ zee_3_the.kid,
2018-08-10 02:06 ~ _nate.a_,
2018-08-10 02:08 ~ t.ii.n.a,
2018-08-10 02:09 ~ txbiiii_,
2018-08-10 02:10 ~ alissa_hella_hunter,
2018-08-10 02:21 ~ erfan_jabbarii,
2018-08-10 02:22 ~ echevarriajon,
2018-08-10 02:23 ~ wiii.97,
2018-08-10 02:25 ~ lil_badazz_jr,
2018-08-10 02:26 ~ nyrobiday,
2018-08-10 02:26 ~ veasleynathan,
2018-08-10 02:27 ~ jeet_13g,
2018-08-10 02:28 ~ youngmidge,
2018-08-10 02:29 ~ jvcob34,
2018-08-10 02:29 ~ thuxgun,
2018-08-10 02:30 ~ sofilibre,
2018-08-10 02:31 ~ vegetax78,
2018-08-10 02:32 ~ kaiiit.maskal,
2018-08-10 02:33 ~ jovanjorge1,
2018-08-10 08:57 ~ s.sirv00,
2018-08-10 08:57 ~ luiz_santos_nunes,
2018-08-10 08:58 ~ mr._lit7,
2018-08-10 08:58 ~ erique.10,
2018-08-10 08:59 ~ kotn_empire,
2018-08-10 08:59 ~ zahirah_peerally,
2018-08-10 09:00 ~ bdmj_oficial,
2018-08-10 09:01 ~ fat_boy_2002,
2018-08-10 09:04 ~ zotboi,
2018-08-10 09:05 ~ allwnil,
2018-08-10 09:12 ~ murtaza_42,
2018-08-10 09:16 ~ marley_turner_8,
2018-08-10 09:16 ~ icharlez_,
2018-08-10 09:18 ~ dxxd.deija,
2018-08-10 09:18 ~ loco_vida_ws12,
2018-08-10 09:19 ~ nojusruigys,
2018-08-13 18:10 ~ live_is_a_fucking_lie,
2018-08-13 18:10 ~ moe.of.the.culture,
2018-08-13 18:10 ~ like_a_boss234578,
2018-08-13 18:11 ~ tmularski22,
2018-08-13 18:12 ~ _josh.duprey,
2018-08-13 18:13 ~ papiboul_danny22,
2018-08-13 18:14 ~ joshedwards7_,
2018-08-13 18:15 ~ cristofer_xanarchy,
2018-08-13 18:15 ~ christopher7382,
2018-08-13 18:17 ~ lilcookiemonster25,
2018-08-13 18:17 ~ ayefollowme777,
2018-08-13 18:18 ~ dreioficial,
2018-08-13 18:19 ~ ldg_stoll_26,
2018-08-13 18:20 ~ sxpreme_ijari,
2018-08-13 18:23 ~ tyler.scaife123,
2018-08-13 18:24 ~ jarodkelsey,
2018-08-13 18:41 ~ oofitsnino,
2018-08-13 18:41 ~ tsy_jeremiah,
2018-08-13 18:41 ~ xoxonick_,
2018-08-13 18:41 ~ ftm.oliver_eduardo,
2018-08-13 18:41 ~ iarnold.us,
2018-08-13 18:42 ~ mymffinsta__,
2018-08-13 18:44 ~ _mellixi_,
2018-08-13 18:45 ~ melvin_kgl,
2018-08-13 18:47 ~ lgnnvcio_skrr,
2018-08-13 18:47 ~ barcenasaustin,
2018-08-13 18:48 ~ make_out_hill_jdo,
2018-08-13 18:48 ~ kyl3_andrei,
2018-08-13 18:49 ~ mario_lvp,
2018-08-13 18:49 ~ chrlsg3,
2018-08-13 18:50 ~ nishantsharma3987,
2018-08-13 18:59 ~ _marla_danae_,
2018-08-13 19:00 ~ treyhaberlock,
2018-08-13 19:02 ~ blizzy3654,
2018-08-13 19:02 ~ yrn_bris,
2018-08-13 19:04 ~ elissiaahmed_,
2018-08-13 19:05 ~ jerriko_band,
2018-08-13 19:05 ~ 56_rpg,
2018-08-13 19:06 ~ lilfrezzy_,
2018-08-13 19:07 ~ michael_frederickson05,
2018-08-13 19:25 ~ brianrodriguez6539,
2018-08-13 19:41 ~ keely_dawn21,
2018-08-13 19:42 ~ yxngkraizt,
2018-08-13 19:42 ~ quaidgoff,
2018-08-13 19:43 ~ amirhowsenbarber,
2018-08-13 19:43 ~ prod.yngvic,
2018-08-13 19:44 ~ ferny_sls_,
2018-08-13 19:45 ~ perco_the_dead_man,
2018-08-13 19:46 ~ draco_jay17,
2018-08-13 19:59 ~ alanpena80,
2018-08-13 19:59 ~ lil_daany,
2018-08-13 20:00 ~ mendonca4772,
2018-08-13 20:01 ~ babygirl.khalynn,
2018-08-13 20:02 ~ brankin84,
2018-08-13 20:02 ~ m0m0berry,
2018-08-13 20:04 ~ mahmoud_al_awadi,
2018-08-13 20:05 ~ diego.dalessandro39,
2018-08-13 20:07 ~ lauraqueiroz15,
2018-08-13 20:16 ~ bertanhazar,
2018-08-13 20:17 ~ coniyaaa,
2018-08-13 20:19 ~ antonioezequiel1,
2018-08-13 20:20 ~ _kaycejohnston,
2018-08-13 22:18 ~ itzs3pp3,
2018-08-13 22:20 ~ finsta.symantha,
2018-08-13 22:21 ~ mason._wagoner,
2018-08-13 22:22 ~ c_king8,
2018-08-13 22:23 ~ dillpicke_isbeast_724,
2018-08-13 22:25 ~ _johnny.tt_,
2018-08-13 22:26 ~ jessssssikuuh,
2018-08-13 22:27 ~ itsaaronjonas,
2018-08-13 22:29 ~ jorgearanamontecinos,
2018-08-13 22:30 ~ v.1one,
2018-08-13 22:32 ~ gigiswiftiee,
2018-08-13 22:33 ~ rileyf_75,
2018-08-13 22:33 ~ steven_08163,
2018-08-13 22:35 ~ _darch.12_,
2018-08-13 22:38 ~ suckerspams,
2018-08-13 22:40 ~ positive_quotes_and_more,
2018-08-13 22:40 ~ abdoulie.n,
2018-08-13 22:42 ~ luis_69916,
2018-08-13 22:42 ~ ashley.a.redwine,
2018-08-13 22:44 ~ roroo_sg,
2018-08-14 02:54 ~ juiceman1017420,
2018-08-14 02:55 ~ melodikalemstudyo,
2018-08-14 02:56 ~ sosophi_helena,
2018-08-14 02:57 ~ filipek_888,
2018-08-14 02:57 ~ quentin_5710,
2018-08-14 02:58 ~ julia.rannan,
2018-08-14 02:58 ~ jayyy.babby2x,
2018-08-14 02:58 ~ fisher_wyatt1254,
2018-08-14 02:59 ~ saammeeeeer,
2018-08-14 03:04 ~ harun.emr,
2018-08-14 03:07 ~ iisabella.jadepriv,
2018-08-14 03:08 ~ juuskg,
2018-08-14 03:08 ~ felicitaputt4na,
2018-08-14 03:09 ~ offical____bread,
2018-08-14 03:10 ~ 2jonty2,
2018-08-14 03:13 ~ xristos__pap,
2018-08-14 03:14 ~ tennyson_cluff,
2018-08-14 03:15 ~ rashidissa4,
2018-08-14 03:17 ~ kickboxingphotographer,
2018-08-14 03:18 ~ josh_ofu,
2018-08-14 03:18 ~ social_liviing,
2018-08-14 03:19 ~ kingston.gage,
2018-08-14 03:21 ~ jijarah,
2018-08-14 03:21 ~ kyliegeles,
2018-08-14 03:23 ~ talib_khan_0707,
2018-08-14 03:25 ~ dana42superwoman,
2018-08-14 03:26 ~ ian._.lim,
2018-08-14 03:26 ~ prince_fenix10,
2018-08-14 03:29 ~ torridevon,
2018-08-14 03:29 ~ sdylbydylmwl,
2018-08-14 03:30 ~ rc_mec,
2018-08-14 03:30 ~ brother__58,
2018-08-14 03:31 ~ _iju.marlo_,
2018-08-14 03:32 ~ ashley.posey.98,
2018-08-14 04:19 ~ malayah_17,
2018-08-14 04:20 ~ eemilfelix,
2018-08-14 04:21 ~ rezaadwiputra_,
2018-08-14 04:24 ~ marcoslyonn,
2018-08-14 04:24 ~ autoxtremr_63,
2018-08-14 04:25 ~ zane_stro,
2018-08-14 04:27 ~ pemuda_akhirjaman307,
2018-08-14 04:28 ~ fireboiofficial,
2018-08-17 18:13 ~ therealdanielgarcia,
2018-08-17 18:14 ~ alexei_welaso,
2018-08-17 18:15 ~ justin.isaiah_,
2018-08-17 18:16 ~ _.itscheyy,
2018-08-17 18:17 ~ jamierejohnson,
2018-08-17 18:17 ~ kralevdimitar,
2018-08-17 18:18 ~ kingunkn0wn_,
2018-08-17 18:18 ~ magnusra,
2018-08-17 18:20 ~ lauren.westwoodd,
2018-08-17 18:34 ~ dhickey239,
2018-08-17 18:34 ~ 1nicktrue,
2018-08-17 18:35 ~ itz.casperzson,
2018-08-17 18:35 ~ mizubs,
2018-08-17 18:36 ~ ben_crouser,
2018-08-17 18:37 ~ thiennwrld,
2018-08-17 18:39 ~ yt_wrix,
2018-08-17 18:40 ~ dj_mitchell81,
2018-08-17 18:40 ~ thisgaabs,
2018-08-17 18:42 ~ lilbhadbhabie1,
2018-08-17 18:43 ~ alex.myslickiy,
2018-08-17 18:44 ~ xxpandacion,
2018-08-17 18:45 ~ ihaveamissionn,
2018-08-17 18:46 ~ _tiajia_,
2018-08-17 19:01 ~ yungjudo,
2018-08-17 19:02 ~ chill_nick14,
2018-08-17 19:02 ~ xx_momen_zayn_xx,
2018-08-17 19:03 ~ life_is_hell_21,
2018-08-17 19:04 ~ simply._.luis,
2018-08-17 19:04 ~ ferrer_joy_orogo,
2018-08-17 19:05 ~ lil_piggybank,
2018-08-17 19:06 ~ roody_rudeboy,
2018-08-17 19:07 ~ mochaaaa_2018__,
2018-08-17 19:08 ~ kevon_davidson,
2018-08-17 19:08 ~ santalv23,
2018-08-17 19:17 ~ disgracaaaaaaa,
