grape_84722,
upss_timii,
leonferreyraa,
malakai.c,
__n_c_n,
cozyboychi,
mohammadsam2341,
hailie_wiesner,
vishal_singh.528,
6sens3,
lil.crystal15,
ray.rizzo,
cabinclique,
elisa_mubarock,
literallyitstaylor,
babygurl._natalie82,
sohil_raja7,
stella_got_habits,
yungsayain,
ph_mc29,
mrmilan10,
official_illy,
juanssome,
goldiereigns,
3rd.a.c,
freeurcloset,
best_boy_on_the_block_101,
dianacortes098,
brianbatesss,
3900bc,
arizah133,
elliott_pomarico,
luke.leverson,
_lugin,
sweetstasya_,
_jxret_,
zubcu.mh,
loyalty_ov_royalty,
lilly.winklr,
qp__wissal_rajab__qp,
curlyyhead_mymy,
12_laces,
nafr1_,
savio_firminoo,
anitta.13,
helmudvalentin,
caidan_.cooper,
ilaria_laterza,
aloneman47,
gomesjr_neymbappejr,
endergencerr17,
j.pup_jr,
maliyahortizofficial,
__fratboysam,
always_sinn_ing,
xx_.simba._xx,
maddix_rayann,
thediffernt_colorblues,
ssshadowmoonnn,
lucasv1004,
an_ou_ar1352,
sudekesr,
juul_0418,
uhohitscornboi,
meow.sila,
shawn_graham_pappi,
tdas_vlcek,
es.milo_,
joseeortiz_32,
arthurffernandes,
itsme.ayman,
alexking_official,
steph_smith_b,
a.fregoso.10,
xtentacionfans4ever,
yana_uspenskayaa,
emyyyy____,
elisaemarti,
nvrpotless,
oktay.yt,
skm4jid,
olbrage,
c.ths_,
mikecarrr_,
ikram.irhamna,
dennis.amg1,
connorrrjonesss,
704nando,
denisyurikov,
ewan.93,
_marv_21,
mrsjc_76,
barbancourtpapii,
ethomas07,
arun_stoney_ak_,
kianlinnellbenali,
alliciamaria,
lilleeeeeena,
joel9mcdonald,
schemaboysrevenge,
jasonprior_,
cxwill59_,
martamoscatellii,
vladyusha_zgs,
sisterangieee,
kid.icon,
adanmonterofernadez,
miglas_08_,
jappie_van_der_wal1,
pumpwrld999,
marekokt,
apurva_p.15,
stalindissima,
amaya.mzz,
sweet_juicy9,
sam_pezza17,
alicespam0,
sofiababe._,
jordanmartinez0573,
xcloutxgod,
dhar.mhy,
ebo509,
lebanisblack69,
ruizeliame331,
lincon109,
__dominic__10,
jbmckenzie08,
yaseen_mumtaz,
samanthaeatscake,
liam_allport__,
jr991016,
brittt.vdh,
mj__mchunu15,
evelyn.g.omez,
stefanserfimov,
jschaw1,
instayackob,
jeanpaul9380,
afriicamelero,
sirrymdspion,
ybn_blenda_,
sergioalvrdo,
macae.la,
nizt.2304,
killmyselftoday,
a1en_k,
pernillechri,
fad_salah,
lilmizzrambo,
cone.malone_,
abdjenx,
arnebradt,
atta_boi,
lametako,
hogye_bence_official,
hitveer_rai,
dave_starboy,
melissalessio,
luka_ma9,
pauula11p,
sneakershype.ig,
thisislxonix,
simionov_andreea,
kyletomlins2005,
another1.3,
reem.e_x,
_ann_harangova,
ig__.dylan,
lcoopboss33,
7xvert,
https.chriss,
ba_rex,
_ranvir.singh_,
ayy_its_manny,
puglife.comlelepons,
1liquorgrin,
alessia.binder,
louis_badilla_seque,
fynn_taylor99,
joshuasandras11,
4bby.___,
oriooooon22,
jnrcashcoins,
its_brazhiaa,
anaa.contreras,
mamoudoupark,
young_22_svage,
big_screen_world,
21heures03,
anasluffy,
pretty_boy_k3on,
_joker_35,
humcoshit707,
gennarove,
flip_ax,
mitchell.oc,
el.javiersito,
_victor.pedersen_,
oblivion_looper,
mialeemorales,
ho_burning,
____daniella______,
elkartoneh,
4pfdayy,
ig_simxn,
c.ynizm,
jkbv1t,
taylor_ew,
tomas.jerab,
lrw_lillow_978,
lukamaghradze,
young_fontana42,
_giovanniskt,
___lxve.is.m0re.then.fukc.___,
roshan_patil_1375,
shunemusic,
itsmepatriciaandra,
baraa._.2018,
gpt_seoul,
spaycen,
w.krzemieniecka,
__paul99xx__,
l_barreto_27,
sofia.lombardo_,
i_am_saif_kashif,
richirg4,
neozulu11,
miguelacosta09,
will_tessi,
estelle_lohmander,
willyy.je,
johnny_boiitrill,
madseason33,
daddydevon702,
mpampis_sp,
nikolenkorostik,
kayyy_larae,
iza_w01,
sophia.joseph8,
_kenny__queen_,
yxung7gvbriel,
andreew_fly,
irfan_sardar_143,
mr_alvarado1111,
rafaeltorres5277,
gusthavo_0_0,
diegosadness,
__j.n__5,
damunna_,
braedonw367,
daniela_baganha_vlogs,
p.acosta209,
952433491luis,
gutyc9,
el_puma420,
emilylauren.n,
livelaughlovexoxo77,
tanmanu03,
m_71b,
mt_dekh_follow_kar,
hunt_thornton,
aldotestino4,
byronstewart2556,
_sourpatchkidz_98,
radical.billie,
noah.lastdrager,
maiaaapapayaaa,
cristiandibiasio,
oss_baraka,
its.madii8,
carlags7380,
josephv1227,
gameappstudio,
danilo_cassis,
u_pass_by,
syd.knee___,
hamzaadwan,
_hoeza_,
asha001o,
dieego.romero,
destiny_thelimelight,
akikyriaki,
v_a_p_o_r_w_a_v_e_m_a_s_o_n,
naseeratishaam,
angelicgalal,
dikytristantiil,
golden_saver,
ben_jillie_,
zshort1021,
spence._.brown,
andrew.bagaric,
eboysdocry,
preetyboityler,
spaman.x,
roy_swart,
vanessa.alatorre1,
demiparisi2,
mjsjn91,
i.am.unkel_steez,
david.dresner42,
lil.monkey.annette,
zee_3_the.kid,
_nate.a_,
t.ii.n.a,
txbiiii_,
alissa_hella_hunter,
erfan_jabbarii,
echevarriajon,
wiii.97,
lil_badazz_jr,
nyrobiday,
veasleynathan,
jeet_13g,
youngmidge,
jvcob34,
thuxgun,
sofilibre,
vegetax78,
kaiiit.maskal,
jovanjorge1,
s.sirv00,
luiz_santos_nunes,
mr._lit7,
erique.10,
kotn_empire,
zahirah_peerally,
bdmj_oficial,
fat_boy_2002,
zotboi,
allwnil,
murtaza_42,
marley_turner_8,
icharlez_,
dxxd.deija,
loco_vida_ws12,
nojusruigys,
live_is_a_fucking_lie,
moe.of.the.culture,
like_a_boss234578,
erzenu,
shaunregaldo,
tmularski22,
_josh.duprey,
papiboul_danny22,
joshedwards7_,
cristofer_xanarchy,
christopher7382,
lilcookiemonster25,
ayefollowme777,
dreioficial,
ldg_stoll_26,
sxpreme_ijari,
tyler.scaife123,
jarodkelsey,
oofitsnino,
tsy_jeremiah,
xoxonick_,
ftm.oliver_eduardo,
iarnold.us,
mymffinsta__,
_mellixi_,
enzonuebe,
melvin_kgl,
lgnnvcio_skrr,
barcenasaustin,
make_out_hill_jdo,
kyl3_andrei,
mario_lvp,
chrlsg3,
nishantsharma3987,
_marla_danae_,
treyhaberlock,
blizzy3654,
yrn_bris,
elissiaahmed_,
jerriko_band,
56_rpg,
lilfrezzy_,
michael_frederickson05,
brianrodriguez6539,
keely_dawn21,
yxngkraizt,
quaidgoff,
amirhowsenbarber,
prod.yngvic,
ferny_sls_,
perco_the_dead_man,
draco_jay17,
alanpena80,
lil_daany,
mendonca4772,
babygirl.khalynn,
brankin84,
m0m0berry,
mahmoud_al_awadi,
diego.dalessandro39,
lauraqueiroz15,
bertanhazar,
coniyaaa,
antonioezequiel1,
_kaycejohnston,
itzs3pp3,
peace_lover_____,
finsta.symantha,
mason._wagoner,
c_king8,
dillpicke_isbeast_724,
_johnny.tt_,
jessssssikuuh,
itsaaronjonas,
jorgearanamontecinos,
v.1one,
gigiswiftiee,
rileyf_75,
steven_08163,
_darch.12_,
suckerspams,
positive_quotes_and_more,
abdoulie.n,
luis_69916,
ashley.a.redwine,
roroo_sg,
juiceman1017420,
r1ul33,
miniorellana,
melodikalemstudyo,
mazen_waleedofficial,
sosophi_helena,
filipek_888,
quentin_5710,
julia.rannan,
jayyy.babby2x,
fisher_wyatt1254,
saammeeeeer,
harun.emr,
iisabella.jadepriv,
juuskg,
felicitaputt4na,
offical____bread,
2jonty2,
xristos__pap,
tennyson_cluff,
rashidissa4,
heartbrakefashion,
nanougil13,
kickboxingphotographer,
josh_ofu,
social_liviing,
kingston.gage,
jijarah,
kyliegeles,
talib_khan_0707,
dana42superwoman,
ian._.lim,
prince_fenix10,
torridevon,
sdylbydylmwl,
rc_mec,
brother__58,
_iju.marlo_,
ashley.posey.98,
kelisgem,
malayah_17,
eemilfelix,
rezaadwiputra_,
marcoslyonn,
autoxtremr_63,
sergidisha,
zane_stro,
pemuda_akhirjaman307,
fireboiofficial,
therealdanielgarcia,
alexei_welaso,
justin.isaiah_,
_.itscheyy,
jamierejohnson,
kralevdimitar,
kingunkn0wn_,
magnusra,
lauren.westwoodd,
dhickey239,
1nicktrue,
itz.casperzson,
mizubs,
ben_crouser,
thiennwrld,
yt_wrix,
dj_mitchell81,
thisgaabs,
lilbhadbhabie1,
alex.myslickiy,
xxpandacion,
ihaveamissionn,
_tiajia_,
otxjay,
yungjudo,
chill_nick14,
xx_momen_zayn_xx,
life_is_hell_21,
simply._.luis,
ferrer_joy_orogo,
lil_piggybank,
roody_rudeboy,
mochaaaa_2018__,
kevon_davidson,
santalv23,
disgracaaaaaaa,
